location_id,location
1,16th Main Road
2,2nd Floor
3,303008
4,ANDHARA PRADESH
5,ATMAKURNLR
6,Aarey Road
7,Abohar
8,Abu Dhabi UAE
9,Abu Road
10,Abudhabi
11,Achalpur
12,Achampet
13,Across uttar pradesh
14,Adampur
15,Adilabad
16,Adoni
17,Adoor
18,Agar
19,Agartala
20,Agra
21,Agra & Mathura
22,Aheri
23,Ahmadnagar
24,Ahmedabad
25,Ahmednagar
26,Airoli
27,Aizawl
28,Ajmer
29,Ajra
30,Akbarpur
31,Akhnoor
32,Aklera
33,Akola
34,Alahabad
35,Alandur
36,Alibag
37,Aligarh
38,Alipurduar
39,All Delhi
40,All Haryana
41,All Punjab
42,All Rajasthan
43,Alladurg
44,Alleppey
45,Alleppey/ Alappuzha
46,Almora
47,Aluva
48,Alwar
49,Amalapuram
50,Amaravathi
51,Ambad
52,Ambad MIDC
53,Ambala
54,Ambalappuzha
55,Ambarnath
56,Ambasamudram
57,Ambattur
58,Ambegaon
59,Amberpet
60,Ambikapur
61,Ambujanagar
62,Ambur
63,Ameerpet
64,Amethi
65,Amgaon
66,Amloh
67,Amod
68,Amravati
69,Amreli
70,Amritsar
71,Amroha
72,Anakapalle
73,Anand
74,Anandpur Sahib
75,Anantapur
76,Anantnag
77,Andheri
78,Andheri East
79,Andheri West
80,Andheri east
81,Andheri west
82,Andhra Pradesh
83,Andhrapradesh
84,Angul
85,Anjar
86,Ankleshwar
87,Anklesvar
88,Anna salai
89,Annur
90,Anuppur
91,Arakonam
92,Arambag
93,Arani
94,Aranthangi
95,Araria
96,Aravalli
97,Arcot
98,Ariyalur
99,Arkalgud
100,Arrah
101,Arsikere
102,Aruppukkottai
103,Arvi
104,Asansol
105,Ashok Nagar
106,Asifabad
107,Assam
108,Assandh
109,Atmakur
110,Atpadi
111,Atreyapuram
112,Attapur
113,Attivram
114,Attur
115,Aundha
116,Auraiya
117,Aurangabad
118,Auto Nagar
119,Avadi
120,Avanigadda
121,Ayodhya
122,Azamgarh
123,Azara
124,BTM Layout
125,Badami
126,Badaun
127,Baddi
128,Badgam
129,Badlapur
130,Badnawar
131,Badvel
132,Bagalkot
133,Bageshwar
134,Baghpat
135,Bahadurgarh
136,Baharampur
137,Baikunthpur
138,Bakrol
139,Balachaur
140,Balanagar
141,Balangir
142,Balasinor
143,Balasore
144,Baliapur
145,Ballabhgarh
146,Ballari
147,Ballia
148,Bally Jagachha
149,Balod
150,Baloda Bazar
151,Balotra
152,Bamanwas
153,Banaswadi Kasturi Nagar
154,Banda
155,Bandlaguda
156,Bandra
157,Baner
158,Bangalore Rural
159,Bangalore/ Bengaluru
160,Bangalore/Bengaluru
161,Bangarapet
162,Banjara Hills
163,Banjaria
164,Banka
165,Bankura
166,Banswada
167,Banswara
168,Bantval
169,Bapatla
170,Bara Banki
171,Barabani
172,Baramati
173,Baramula
174,Baran
175,Baranagar
176,Barasat
177,Barbil
178,Bardhaman
179,Bardoli
180,Bareilly
181,Bargarh
182,Barh
183,Baripada
184,Barjora
185,Barmer
186,Barnala
187,Barpeta
188,Barshi
189,Baruipur
190,Basavanagudi
191,Basirhat
192,Baska
193,Basna
194,Bassi
195,Basti
196,Batala
197,Bathalapalle
198,Bathinda
199,Bavdhan
200,Bavla
201,Bawal
202,Bayad
203,Beawar
204,Becharaji
205,Beed
206,Begaluru
207,Begumpet
208,Begun
209,Begusarai
210,Behat
211,Behror
212,Belgaum
213,Bellampalle
214,Belur
215,Bemetara
216,Bengaluru
217,Bengaluru / Ahmedabad / Chennai
218,Berhampore
219,Berhampur
220,Beri
221,Bhabua
222,Bhachau
223,Bhaderwah
224,Bhadohi
225,Bhadrachalam
226,Bhadrak
227,Bhadravati
228,Bhagalpur
229,Bhalki
230,Bhandara
231,Bhanvad
232,Bhaproda
233,Bharatpur
234,Bharuch
235,Bhatapara
236,Bhatinda
237,Bhavnagar
238,Bhayandar
239,Bhigwan
240,Bhilai
241,Bhiloda
242,Bhilwara
243,Bhimavaram
244,Bhind
245,Bhinmal
246,Bhiwadi
247,Bhiwandi
248,Bhiwani
249,Bhokardan
250,Bhongir
251,Bhopal
252,Bhor
253,Bhubaneshwar
254,Bhubaneswar
255,Bhuj
256,Bhusawal
257,Bidar
258,Bidhannagar
259,Bihar
260,Bihar sharif
261,Bihariganj
262,Bihat
263,Bihta
264,Bijapur
265,Bijbehara
266,Bijnor
267,Bikaner
268,Bilara
269,Bilariaganj-Azamgarh
270,Bilaspur
271,Bilhaur
272,Billawar
273,Bilsi
274,Birbhum
275,Blank
276,Bobbili
277,Bodhan
278,Boisar
279,Bokakhat
280,Bokaro
281,Bollaram
282,Bommasandra
283,Bongaigaon
284,Borio
285,Borivali
286,Borivali East
287,Borivali West
288,Borsad
289,Botad
290,Budaun
291,Budge Budge
292,Budhlada
293,Buhana
294,Bulandshahr
295,Buldana
296,Bundi
297,Burdwan/Barddhaman
298,Burhanpur
299,Buxar
300,Byadgi
301,CBD Belapur
302,CHANDERIYA
303,CHEMBUR
304,Cachar
305,Calicut
306,Calicut/ Kozhikode
307,Calicut/Kozhikode
308,Cannanore/ Kannur
309,Cannanore/Kannur
310,Central African Republic
311,Chaibasa
312,Chakala
313,Chakan
314,Chakan MIDC
315,Chakdah
316,Chakradharpur
317,Chaksu
318,Chakur
319,Chalakudy
320,Chamarajanagar
321,Chamba
322,Chamoli
323,Champa
324,Champhai
325,Chanchal
326,Chand
327,Chandarlapadu
328,Chandauli
329,Chandausi
330,Chandigarh
331,Chandrapur
332,Changodar
333,Channapatna
334,Channarayapatna
335,Chapra
336,Chariduar
337,Charkhi Dadri
338,Chas
339,Chatra
340,Chen
341,Chengalpaatu
342,Chengalpattu
343,Chengannur
344,Chennai
345,Cherthala
346,Chevella
347,Cheyyar
348,Chhata
349,Chhatisgarh
350,Chhattisgarh
351,Chhaygaon
352,Chhindwara
353,Chhipabarod
354,Chhorahi
355,Chidambaram
356,Chikhli
357,Chikkaballapura
358,Chikmagalur
359,Chikodi
360,Chile
361,Chillakur
362,Chinsurah - Magra
363,Chintamani
364,Chiplun
365,Chirala
366,Chirang
367,Chirawa
368,Chitapur
369,Chitoor
370,Chitradurga
371,Chitrakoot
372,Chittaurgarh
373,Chittoor
374,Chohtan
375,Chomu
376,Choolai
377,Chopda
378,Chotila
379,Choudwar
380,Chumukedima
381,Churachandpur
382,Churchgate
383,Churu
384,Coimbatore
385,Colombo
386,Contai
387,Cooch Behar
388,Cuddalore
389,Currey Road
390,Cuttack
391,DOLVI
392,Dabhoi
393,Dabwali
394,Dadar
395,Dadra & Nagar Haveli
396,Dadra & Nagar Haveli/ Silvassa
397,Dadra & Nagar Haveli/Silvassa
398,Dadri
399,Dahanu
400,Dahegaon
401,Dahej
402,Dahod
403,Dakshin Dinajpur
404,Dakshina Kannada
405,Dalhousie
406,Dalpatpur
407,Daman
408,Daman & Diu
409,Dang
410,Dankuni
411,Dantan
412,Dapoli
413,Darbhanga
414,Dariapur
415,Darjeeling
416,Daskroi
417,Daspur
418,Dasua
419,Daund
420,Dausa
421,Davangere
422,Deeg
423,Deesa
424,Degana
425,Dehgam
426,Dehradun
427,Delhi
428,Delhi / NCR
429,Delhi/NCR
430,Denkanikottai
431,Deogarh
432,Deoghar
433,Deoria
434,Dera Bassi
435,Desuri
436,Detroj-Rampura
437,Devanahalli
438,Devarakonda
439,Devbhumi dwarka
440,Devsar
441,Dewas
442,Dhaka
443,Dhampur
444,Dhamra
445,Dhamtari
446,Dhanakya
447,Dhanarua
448,Dhanbad
449,Dhar
450,Dharampur
451,Dharamshala
452,Dharapuram
453,Dharchula
454,Dharhara
455,Dharmaj
456,Dharmanagar
457,Dharmapuri
458,Dharmasala
459,Dharmavaram
460,Dharmsala
461,Dharuhera
462,Dharwad
463,Dhaulpur
464,Dhemaji
465,Dhenkanal
466,Dholera
467,Dholka
468,Dhone
469,Dhoraji
470,Dhrangadhra
471,Dhrol
472,Dhulagarh
473,Dhule
474,Dhupguri
475,Dhuri
476,Diamond Harbour
477,Dibang Valley
478,Dibrugarh
479,Didwana
480,Dimapur
481,Dindigul
482,Dindori
483,Dispur
484,Dlf
485,Dod Ballapur
486,Doda
487,Doha
488,Dolvi
489,Dombivli
490,Domjur
491,Dongargaon
492,Doom Dooma
493,Dornakal
494,Dubai
495,Dubai UAE
496,Dudu
497,Duggondi
498,Duliajan
499,Dumka
500,Dungarpur
501,Durg
502,Durgapur
503,Dwarka
504,ERODE
505,East Godavari
506,East Siang
507,East Uttar Pradesh
508,Edlapadu
509,Egra
510,Elluru
511,Eluru
512,Ernakulam
513,Erode
514,Erratupetta
515,Etah
516,Etawah
517,FAIZABAD
518,Faizabad
519,Farasgaon
520,Faridabad
521,Faridkot
522,Farrukhabad
523,Farrukhnagar
524,Fatehabad
525,Fatehgarh
526,Fatehgarh Sahib
527,Fatehpur
528,Fazilka
529,Ferozepur Jhirka
530,Ferozpur
531,Firozabad
532,Firozpur
533,Forbesganj
534,GANDHAGAR
535,Gachibowli
536,Gadag
537,Gadarwara
538,Gadchiroli
539,Gadhada
540,Gadhinglaj
541,Gadwal
542,Gajraula
543,Gajuwaka
544,Gajwel
545,Ganaur
546,Gandarvakkottai
547,Gandhi
548,Gandhidham
549,Gandhinagar
550,Ganganagar
551,Gangavaram
552,Gangawati
553,Gangtok
554,Gannavaram
555,Garhshankar
556,Garhwa
557,Gariadhar
558,Gauribidanur
559,Gautam Buddha Nagar
560,Gaya
561,Gazole
562,Ghansoli
563,Ghatanji
564,Ghatkesar
565,Ghatkopar
566,Ghatkoper
567,Ghatkoper East
568,Ghatol
569,Ghaziabad
570,Ghazipur
571,Ghiloth
572,Ghiloth Rajasthan
573,Gir
574,Giridih
575,Girwa
576,Gndc
577,Goa
578,Goalpara
579,Gobichettipalayam
580,Gobindgarh
581,Godhra
582,Gogunda
583,Gohana
584,Gokak
585,Golconda
586,Gonda
587,Gondal
588,Gopalganj
589,Gorakhpur
590,Goregain East Mumbai
591,Goregaon
592,Goregaon East
593,Goregaon West
594,Govindapur
595,Govindapur-ZHB
596,Greater Noida
597,Gubbi
598,Gudipala
599,Gudivada
600,Gudiyatham
601,Gudur
602,Guindy
603,Gujarat
604,Gumia
605,Gumla
606,Gummadidala
607,Gummidipoondi
608,Guna
609,Gundlupet
610,Guntakal
611,Guntur
612,Gurdaspur
613,Gurez
614,Gurgaon
615,Gurgaon/ Gurugram
616,Gurgaon/Gurugram
617,Gurugaon
618,Gurugram
619,Guwahati
620,Gwalior
621,HRBR Layout
622,HSR Layout
623,Hajipir
624,Hajipur
625,Haldia
626,Haldwani
627,Halol
628,Halvad
629,Hamirpur
630,Hanamkonda
631,Hansi
632,Hanumangarh
633,Hanumanthuni Padu
634,Hapur
635,Hardoi
636,Haridwar
637,Harur
638,Haryana
639,Haryana All
640,Hassan
641,Hathras
642,Hatkanangle
643,Hattargi
644,Haveri
645,Hazaribag
646,Hazira
647,Heggadadevankote
648,Himachal
649,Himatnagar
650,Himayathnagar
651,Himmatnagar
652,Hindaun
653,Hindupur
654,Hinganghat
655,Hingna
656,Hingoli
657,Hisar
658,Hodal
659,Hooghly
660,Horamavu
661,Hosakote
662,Hosdurg
663,Hoshangabad
664,Hoshiarpur
665,Hospet
666,Hosur
667,Howrah
668,Hubli
669,Hugli
670,Hunsur
671,Husnabad
672,Huzurabad
673,Hybrid
674,Hyderabad
675,Hyderabad/ Secunderabad
676,Hyderabad/Secunderabad
677,Hydreabad
678,IBC Knowledge Park
679,Ibrahimpatnam
680,Ichalkaranji
681,Idukki
682,Igatpuri
683,Ilkal
684,Imphal
685,Indapur
686,India
687,Indirapuram
688,Indora
689,Indore
690,Indri
691,Islamnagar Aliganj
692,Islampur
693,Itanagar
694,Itkhori
695,Jabalpur
696,Jadcherla
697,Jafrabad
698,Jagadhri
699,Jagatpura
700,Jagdalpur
701,Jaggayyapeta
702,Jagraon
703,Jagtial
704,Jainagar
705,Jaipur
706,Jaisalmer
707,Jaisinghpur
708,Jalalabad
709,Jalalpore
710,Jalandhar
711,Jalgaon
712,Jalna
713,Jalor
714,Jalpaiguri
715,Jamjodhpur
716,Jammu
717,Jamnagar
718,Jamshedpur
719,Jamui
720,Jamuria
721,Jangaon
722,Jangareddigudem
723,Jangipur
724,Janjgir
725,Janjgir - Champa
726,Jannaram
727,Jasdan
728,Jaunpur
729,Jehanabad
730,Jejuri
731,Jetpur
732,Jewar
733,Jhagadia
734,Jhajjar
735,Jhalawar
736,Jhalod
737,Jhalrapatan
738,Jhanjharpur
739,Jhansi
740,Jhargram
741,Jharkhand
742,Jharkhand and Odisha
743,Jhunjhunun
744,Jind
745,Joda
746,Jodhpur
747,Jorhat
748,Joshimath
749,Juinagar
750,Julurpad
751,Junagadh
752,Junnar
753,K R puram
754,KARAIKUDI
755,KARANATAKA
756,KARNATAK
757,KATTUPALLI
758,KERALA
759,KPHB
760,Kadapa
761,Kadapa/Cuddapah
762,Kadegaon
763,Kadi
764,Kadur
765,Kagal
766,Kahrani
767,Kaikalur
768,Kaimur
769,Kaithal
770,Kakinada
771,Kala
772,Kala Amb
773,Kalaburagi
774,Kalamb
775,Kalamboli
776,Kalburagi
777,Kaler
778,Kalghatgi
779,Kalinganagar
780,Kalka
781,Kallakkurichi
782,Kalol
783,Kalpakkam
784,Kalwa
785,Kalwakurthy
786,Kalyan
787,Kalyan/ Dombivli
788,Kalyan/Dombivli
789,Kalyani
790,Kamanpur
791,Kamareddy
792,Kamothe
793,Kamptee
794,Kamrej
795,Kamrup
796,Kamrup Metropolitan
797,Kamuthi
798,Kanakapura
799,Kanchipuram
800,Kandivali East
801,Kandla
802,Kangeyam
803,Kangra
804,Kanigiri
805,Kanjirappally
806,Kanker
807,Kankrej
808,Kannauj
809,Kanniyakumari
810,Kannur
811,Kanpur
812,Kanpur Dehat
813,Kanpur Nagar
814,Kanyakumari
815,Kapadvanj
816,Kapurthala
817,Karad
818,Karaikal
819,Karaikkudi
820,Karamadai
821,Karanpur
822,Karauli
823,Kargil
824,Karimganj
825,Karimnagar
826,Karimpur
827,Karjan
828,Karjat
829,Karkala
830,Karnal
831,Karnataka
832,Karthikappally
833,Karunagappally
834,Karur
835,Karvir
836,Karwar
837,Kasara
838,Kasargode
839,Kasganj
840,Kashipur
841,Kathlal
842,Kathua
843,Katihar
844,Katni
845,Kattumannarkoil
846,Katwa
847,Kaushambi
848,Kavali
849,Kawardha
850,Keesara
851,Kekri
852,Kerala
853,Keshod
854,Keshwana
855,Kestopur
856,Khaga
857,Khagaria
858,Khalapur
859,Khalilabad
860,Khambhalia
861,Khambhat
862,Khamgaon
863,Khammam
864,Khanapur
865,Khandala
866,Khandwa
867,Khanna
868,Khar West
869,Kharadi
870,Kharagpur
871,Kharar
872,Kharghar
873,Khargone
874,Kharkhoda
875,Kharsia
876,Khatraj
877,Khed
878,Kheda
879,Kheenvsar
880,Kheri
881,Khidirpur
882,Khopoli
883,Khunti
884,Khurja
885,Kinathukadavu
886,Kinnaur
887,Kirloskarvadi
888,Kishanganj
889,Kishangarh
890,Koch Bihar
891,Kochi
892,Kochi/ Cochin
893,Kochi/Cochin
894,Kodad
895,Kodagu
896,Kodaikanal
897,Kodarma
898,Kodinar
899,Kodungallur
900,Kohima
901,Kohlapur
902,Kokane Chowk
903,Kokrajhar
904,Kolar
905,Kolhapur
906,Kolkata
907,Kollam
908,Kollam/ Quilon
909,Kollam/Quilon
910,Kollegal
911,Kondapak
912,Kondapur
913,Kopargaon
914,Koperkhairane
915,Koppal
916,Koramangala
917,Korba
918,Kormangala
919,Kosi Kalan
920,Kota
921,Kotabommali
922,Kothagudem
923,Kothakota
924,Kothamangalam
925,Kothrud
926,Kothwalguda
927,Kotkapura
928,Kotputli
929,Kottarakkara
930,Kottayam
931,Kovilpatti
932,Kozhikode
933,Krishna
934,Krishnagar
935,Krishnagiri
936,Krishnarajpet
937,Kudal
938,Kudligi
939,Kulgam
940,Kullu
941,Kumarapalayam
942,Kumbakonam
943,Kundapura
944,Kundli
945,Kunigal
946,Kuppam
947,Kupwara
948,Kurali
949,Kurali Punjab
950,Kurla
951,Kurnool
952,Kurukshetra
953,Kushalgarh
954,Kushinagar
955,Kushtagi
956,Kuwait
957,Ladakh
958,Lagos
959,Lakhani
960,Lakhimpur
961,Lakhipur
962,Lakhisarai
963,Lakhpat
964,Lalitpur
965,Lalru
966,Latehar
967,Latur
968,Leh
969,Lehra
970,Limbdi
971,Lodhika
972,Lohardaga
973,Lonar
974,Lonavala
975,Loni
976,Lower Assam
977,Lower Parel
978,Lucknow
979,Ludhiana
980,Lunawada
981,Lunglei
982,MADHYA PRADESH
983,MADURAI
984,MIDC
985,MIDC Ambad
986,MYSURE
987,Machilipatnam
988,Madanapalle
989,Maddur
990,Madhapur
991,Madhepura
992,Madhubani
993,Madhupur
994,Madhwapur
995,Madhya Pradesh
996,Madhyamgram
997,Madikeri
998,Madurai
999,Maduranthakam
1000,Maganoor
1001,Mahabaleshwar
1002,Mahabubnagar
1003,Mahad
1004,Mahape
1005,Maharashtra
1006,Maharastra
1007,Mahasamund
1008,Mahendragarh
1009,Mahesana
1010,Mahindra World City
1011,Mahoba
1012,Mahur
1013,Mahuva
1014,Mainpuri
1015,Malad
1016,Malappuram
1017,Malda
1018,Maldah/ Malda
1019,Maldives
1020,Malegaon
1021,Malerkotla
1022,Malkapur
1023,Mallapur
1024,Malout
1025,Malpura
1026,Malur
1027,Manali
1028,Manamadurai
1029,Mananthavady
1030,Manapparai
1031,Mancherial
1032,Mandal
1033,Mandapeta
1034,Mandasa
1035,Mandi
1036,Mandsaur
1037,Mandu
1038,Mandvi
1039,Mandya
1040,Manendragarh
1041,Manesar
1042,Mangalagiri
1043,Mangaldoi
1044,Mangaluru
1045,Mangalvedhe
1046,Mangaon
1047,Mangapet
1048,Mangrol
1049,Manipur
1050,Manjhanpur
1051,Manmad
1052,Mannargudi
1053,Mannarkad
1054,Manoharpur
1055,Manpur
1056,Mansa
1057,Manu
1058,Manuguru
1059,Maraimalai Nagar
1060,Margao
1061,Marinelines
1062,Maripeda
1063,Markapur
1064,Mathabhanga
1065,Mathura
1066,Matigara
1067,Mau
1068,Maunath Bhanjan
1069,Mauzamabad
1070,Mavelikkara
1071,Mavli
1072,Mawal
1073,Mawkyrwat
1074,Mayiladuthurai
1075,Medak
1076,Medchal
1077,Medchal Malkajgiri
1078,Medinipur
1079,Meerut
1080,Mehkar
1081,Mehsana
1082,Melur
1083,Merta
1084,Mettupalayam
1085,Mettur
1086,Mira Road
1087,Miraj
1088,Miryalaguda
1089,Mirzapur
1090,Modasa
1091,Modinagar
1092,Moga
1093,Mohali
1094,Mohali/SAS Nagar
1095,Mohanlalganj
1096,Mohol
1097,Moinabad
1098,Mominpet
1099,Moradabad
1100,Moran
1101,Morbi
1102,Morigaon
1103,Morinda
1104,Morvi
1105,Motihari
1106,Mount Abu
1107,Mudhol
1108,Mudhole
1109,Mudkhed
1110,Mukerian
1111,Muktsar
1112,Mulbagal
1113,Mulshi
1114,Mulug
1115,Mumbai
1116,Mumbai Suburban
1117,Mumbai Western Side
1118,Mundargi
1119,Mundra
1120,Mungeli
1121,Munger
1122,Muradnagar
1123,Murbad
1124,Murshidabad
1125,Murtijapur
1126,Muthukur
1127,Muvattupuzha
1128,Muzaffarnagar
1129,Muzaffarpur
1130,Mylavaram
1131,Mysore
1132,Mysore/ Mysuru
1133,Mysuru
1134,NAGERKOIL
1135,NEWTOWN
1136,NOIDA
1137,Nabadwip
1138,Nabha
1139,Nadaun
1140,Nadia
1141,Nadiad
1142,Nagaon
1143,Nagapattinam
1144,Nagar
1145,Nagari
1146,Nagarkurnool
1147,Nagaur
1148,Nagercoil
1149,Nagina
1150,Nagpur
1151,Nahan
1152,Naidupet
1153,Naigaon
1154,Najibabad
1155,Nakodar
1156,Nakrekal
1157,Nalagarh
1158,Nalanda
1159,Nalbari
1160,Nalgonda
1161,Nallajerla
1162,Namakkal
1163,Namchi
1164,Nanded
1165,Nandigama
1166,Nandura
1167,Nandurbar
1168,Nandyal
1169,Nangal
1170,Nangnoor
1171,Nanjangud
1172,Nannilam
1173,Naraingarh
1174,Narasapur
1175,Narasaraopet
1176,Narayankhed
1177,Narayanpet
1178,Narhe
1179,Narketpalle
1180,Narmada
1181,Narnaul
1182,Narsampet
1183,Narsapur
1184,Narsipatnam
1185,Nashik
1186,Nasik/ Nashik
1187,Nasirabad
1188,Nathdwara
1189,Navi Mumbai
1190,Navrangpura
1191,Navsari
1192,Nawa
1193,Nawabganj
1194,Nawada
1195,Nawalgarh
1196,Nawanshahr
1197,Nawpara
1198,Nayagarh
1199,Nayandahalli
1200,Nazira
1201,Neemrana
1202,Nekkonda
1203,Nelamangala
1204,Nellore
1205,Nelmangala
1206,Nepal
1207,Nerul-Navi Mumbai
1208,Nevasa
1209,New Delhi
1210,New Town
1211,Newtown
1212,Neyveli
1213,Nigeria
1214,Nighasan
1215,Nilambur
1216,Nimbahera
1217,Nirmal
1218,Nirmali
1219,Nissing
1220,Nizamabad
1221,Noamundi
1222,Nohar
1223,Noida
1224,Nokha
1225,Nongstoin
1226,North & Middle Andaman
1227,North Dum Dum
1228,North Goa
1229,North Lakhimpur
1230,North Twenty Four Parganas
1231,Nubra
1232,Nuh
1233,Nuzvid
1234,Odhav
1235,Odisha
1236,Okhla Ph-1
1237,Omalur
1238,Oman
1239,Ongole
1240,Onsite
1241,Ooty
1242,Oragadam
1243,Orai
1244,Orathanadu
1245,Orissa
1246,Osian
1247,Osmanabad
1248,Ottappalam
1249,PALAVA
1250,PAN India
1251,PCMC
1252,PRATAP VIHAR
1253,PUNJAB
1254,Pachpadra
1255,Padampur
1256,Padra
1257,Padrauna
1258,Paithan
1259,Pakur
1260,Pakyong
1261,Palacole
1262,Palakkad
1263,Palamaner
1264,Palampur
1265,Palani
1266,Palanpur
1267,Palarivattom
1268,Palasa
1269,Palava
1270,Palayamkottai
1271,Palem
1272,Palghar
1273,Palghat/ Palakkad
1274,Pali
1275,Palitana
1276,Palladam
1277,Pallavaram
1278,Pallikaranai
1279,Palm Beach Road
1280,Palwal
1281,Palwancha
1282,Panagarh
1283,Panaji
1284,Panaji/Panjim
1285,Panchkula
1286,Pancode
1287,Pandalam
1288,Pandharpur
1289,Pandua
1290,Panipat
1291,Panna
1292,Panoli
1293,Panoli GIDC
1294,Panruti
1295,Panskura
1296,Pantnagar
1297,Panvel
1298,Paonta Sahib
1299,Papua New Guinea
1300,Paradeep
1301,Paramakudi
1302,Parbhani
1303,Parchur
1304,Pardi
1305,Parel
1306,Park Circus
1307,Park Street
1308,Parkal
1309,Parvathipuram
1310,Pasighat
1311,Patan
1312,Patancheru
1313,Pataudi
1314,Pathanamthitta
1315,Pathanapuram
1316,Pathankot
1317,Pathapatnam
1318,Pathredi
1319,Patiala
1320,Patna
1321,Patti
1322,Pattukkottai
1323,Pauri
1324,Peddapalli
1325,Peddapuram
1326,Peddemul
1327,Pehowa
1328,Pelhar
1329,Pen
1330,Penpahad
1331,Penugonda
1332,Penukonda
1333,Perambalur
1334,Perinthalmanna
1335,Perundurai
1336,Peth
1337,Petlad
1338,Phagwara
1339,Phalodi
1340,Phaltan
1341,Phillaur
1342,Phulpur
1343,Piduguralla
1344,Pileru
1345,Pilibhit
1346,Pilkhuwa
1347,Pimpri-Chinchwad
1348,Pindwara
1349,Pipavav
1350,Pithampur
1351,Pithoragarh
1352,Pochampalli
1353,Polavaram
1354,Pollachi
1355,Pondicherry
1356,Pondicherry/Puducherry
1357,Ponnani
1358,Ponneri
1359,Poonamallee
1360,Porbandar
1361,Powai
1362,Praha
1363,Prakasam
1364,Prantij
1365,Pratapgarh
1366,Prathipadu
1367,Prayagraj
1368,Pregnapur
1369,Proddatur
1370,Puducherry
1371,Pudukkottai
1372,Pudur
1373,Pulwama
1374,Punch
1375,Pune
1376,Punganur
1377,Punjab
1378,Punjab All
1379,Purandhar
1380,Puri
1381,Purna
1382,Purnea
1383,Purnia
1384,Purulia
1385,Pusad
1386,Puttaparthi
1387,Puttur
1388,Qatar
1389,RAMNAD
1390,Rabale
1391,Radhanpur
1392,Raebareli
1393,Rahta
1394,Raichur
1395,Raigad
1396,Raiganj
1397,Raigarh
1398,Railmagra
1399,Raipur
1400,Rajahmundry
1401,Rajajinagar
1402,Rajakhera
1403,Rajampet
1404,Rajanagaram
1405,Rajanna Sircilla
1406,Rajapalayam
1407,Rajarhat
1408,Rajasthan
1409,Rajasthan - All
1410,Rajasthan All
1411,Rajauri
1412,Rajgir
1413,Rajkot
1414,Rajnandgaon
1415,Rajpura
1416,Rajsamand
1417,Rajula
1418,Ramachandrapuram
1419,Ramadugu
1420,Ramagundam
1421,Raman
1422,Ramanagara
1423,Ramanathapuram
1424,Ramban
1425,Rameswaram
1426,Ramgarh Chowk
1427,Rampur
1428,Rampurhat
1429,Ranaghat
1430,Ranchi
1431,Rangareddy
1432,Rangpo
1433,Raniganj
1434,Ranipet
1435,Ranni
1436,Rapar
1437,Rasipuram
1438,Ratangarh
1439,Ratia
1440,Ratlam
1441,Ratnagiri
1442,Rawatsar
1443,Raxaul
1444,Rayachoti
1445,Rayavaram
1446,Razole
1447,Reasi
1448,Remote
1449,Renigunta
1450,Rewa
1451,Rewari
1452,Rishikesh
1453,Robertsganj
1454,Roha
1455,Rohru
1456,Rohtak
1457,Rohtas
1458,Roopangarh
1459,Roorkee
1460,Rourkela
1461,Rudrapur
1462,Rup Nagar
1463,Rupa
1464,Rupnagar
1465,Russia
1466,S.A.S. Nagar
1467,SECTOR 2
1468,SITAPURA
1469,Sadar
1470,Sadasivpet
1471,Safidon
1472,Sagar
1473,Sagara
1474,Sagwara
1475,Saharanpur
1476,Saharsa
1477,Sahebganj
1478,Sahibzada Ajit Singh Nagar
1479,Saidabad
1480,Saidapet
1481,Saidapur
1482,Sakaldiha
1483,Sakleshpur
1484,Salem
1485,Salt Lake
1486,Samastipur
1487,Samba
1488,Sambalpur
1489,Sambhal
1490,Sameli
1491,Sampatchak
1492,Sampla
1493,Samrala
1494,Sanand
1495,Sanchore
1496,Sandila
1497,Sandur
1498,Sangamner
1499,Sanganer
1500,Sangareddy
1501,Sangli
1502,Sangrur
1503,Sankari
1504,Sankheda
1505,Sankrail
1506,Sanpada
1507,Sant Ravidas Nagar
1508,Santacruz
1509,Santhipuram
1510,Saraipali
1511,Saran
1512,Sarigam
1513,Sasaram
1514,Satara
1515,Satna
1516,Satpur
1517,Sattenapalle
1518,Satyavedu
1519,Saudi Arabia
1520,Savanur
1521,Savar Kundla
1522,Savli
1523,Sawai Madhopur
1524,Sawantwadi
1525,Seawoods
1526,Sector
1527,Sector - 44
1528,Sector 132
1529,Sector 63
1530,Sector 66A
1531,Sector-11
1532,Sector-15A
1533,Sector-42
1534,Secunderabad
1535,Semiliguda
1536,Seppa
1537,Serampur Uttarpara
1538,Serchhip
1539,Serilingampally
1540,Sewri
1541,Shahapur
1542,Shahbad
1543,Shahdol
1544,Shahjahanpur
1545,Shahpur
1546,Shahpura
1547,Shaikpet
1548,Shamirpet
1549,Shamli
1550,Shamshabad
1551,Shankarpalle
1552,Shegaon
1553,Shikohabad
1554,Shikrapur
1555,Shilaj
1556,Shillong
1557,Shimla
1558,Shimoga
1559,Shirur
1560,Shivaji Nagar
1561,Shivampet
1562,Sholinganallur
1563,Shorapur
1564,Shrigonda
1565,Shrimad RajchandraJi Marg
1566,Shrirampur
1567,Shujalpur
1568,Sibsagar
1569,Siddapur
1570,Siddipet
1571,Sidhpur
1572,Sikandrabad
1573,Sikar
1574,Silchar
1575,Siliguri
1576,Silvassa
1577,Simdega
1578,Simga
1579,Sindhudurg
1580,Sindri
1581,Singapore
1582,Singh Agri Estate
1583,Singrauli
1584,Sinnar
1585,Sira
1586,Sirhind Fatehgarh Sahib
1587,Sirohi
1588,Sirpur
1589,Sirsa
1590,Sirsi
1591,Siruguppa
1592,Sisai
1593,Sitamarhi
1594,Sitapur
1595,Sitarganj
1596,Sivaganga
1597,Sivagiri
1598,Sivakasi
1599,Siwan
1600,Sodepur
1601,Sohna
1602,Sojat
1603,Solan
1604,Solapur
1605,Somajiguda
1606,Sonai
1607,Sonapur
1608,Sonbhadra
1609,Songadh
1610,Sonipat
1611,Sonitpur
1612,Sopore
1613,South District
1614,South Dum Dum
1615,South Goa
1616,South Twenty Four Parganas
1617,Sri City
1618,Sri Lanka
1619,Sri Sathya Sai
1620,Sri ganganagar
1621,Sriganganagar
1622,Srikakulam
1623,Srikalahasti
1624,Srinagar
1625,Srinivaspur
1626,Sriperumbudur
1627,Srirangam
1628,Sujangarh
1629,Sukma
1630,Sullurpeta
1631,Sultanpur
1632,Sultanpur Lodhi
1633,Sulthanbathery
1634,Sulur
1635,Sulya
1636,Sumerpur
1637,Sunam
1638,Sundargarh
1639,Supaul
1640,Surajpur
1641,Surat
1642,Suratgarh
1643,Surendranagar
1644,Surguja
1645,Suri
1646,Suryapet
1647,TELANGANA
1648,TUTICORIN
1649,Tada
1650,Tadepalligudem
1651,Tadpatri
1652,Tajpur
1653,Talaja
1654,Talala
1655,Talasari
1656,Talegaon-Dabhade
1657,Talod
1658,Talode
1659,Tambaram
1660,Tamil Nadu
1661,Tamil nadu
1662,Tamluk
1663,Tamnar
1664,Tanda
1665,Tandur
1666,Tangutur
1667,Tanuku
1668,Taoru
1669,Tarapur
1670,Tarikere
1671,Tarn Taran
1672,Tehri Garhwal
1673,Telangana
1674,Telengana
1675,Tenali
1676,Tenkasi
1677,Tezpur
1678,Thalassery
1679,Thallarevu
1680,Thane
1681,Thanjavur
1682,Thanjavur/Tanjore
1683,The Nilgiris
1684,Theni
1685,Theog
1686,Thiruthuraipoondi
1687,Thiruvalla
1688,Thiruvallur
1689,Thiruvananthapuram
1690,Thiruvarur
1691,Thiruverumbur
1692,Thite Nagar
1693,Thodupuzha
1694,Thoothukkudi/Tuticorin
1695,Thoothukudi
1696,Thoraipakkam
1697,Thrissur
1698,Thrissur/ Trichur
1699,Thrissur/Trichur
1700,Tijara
1701,Tilda
1702,Timmapur
1703,Tindivanam
1704,Tinsukia
1705,Tiptur
1706,Tirodi
1707,Tirora
1708,Tirthahalli
1709,Tiruchendur
1710,Tiruchirapalli
1711,Tiruchirapalli/Trichy
1712,Tiruchirappalli
1713,Tirumalagiri
1714,Tirunelveli
1715,Tirupathur
1716,Tirupati
1717,Tiruppur
1718,Tirupur
1719,Tirupur/Tiruppur
1720,Tirurangadi
1721,Tiruttani
1722,Tiruvadanai
1723,Tiruvannamalai
1724,Tiruvarur
1725,Todabhim
1726,Tohana
1727,Tonk
1728,Topsia
1729,Tragad Ahmedabad
1730,Trichy
1731,Tripura
1732,Trissur
1733,Trivandrum
1734,Trivandrum/ Thiruvananthapuram
1735,Trivandrum/Thiruvananthapuram
1736,Tuljapur
1737,Tumkur
1738,Tumsar
1739,Tuni
1740,Tura
1741,Turbhe
1742,UAE
1743,UP
1744,Udaipur
1745,Udaipurwati
1746,Udgir
1747,Udhagamandalam
1748,Udhampur
1749,Udipi
1750,Udumalaipettai
1751,Udupi
1752,Ujhani
1753,Ujjain
1754,Ulhasnagar
1755,Uluberia
1756,Ulundurpettai
1757,Umarsadi
1758,Umbergaon
1759,Umred
1760,Umreth
1761,Una
1762,United Arab Emirates
1763,United Kingdom
1764,United States
1765,Unjha
1766,Unnao
1767,Uppal
1768,Uran
1769,Uttar Dinajpur
1770,Uttar Pradesh
1771,Uttar pradesh
1772,Uttara Kannada
1773,Uttarakhand
1774,Uttarkashi
1775,Uttarpradesh
1776,UttraPradesh
1777,Vada
1778,Vadakara
1779,Vadnagar
1780,Vadodara
1781,Vadodara/ Baroda
1782,Vaghodia
1783,Vagra
1784,Vaikom
1785,Vaishali
1786,Vallam
1787,Valsad
1788,Vanod
1789,Vapi
1790,Varanasi
1791,Vasai
1792,Vasco Da Gama
1793,Vashi
1794,Vasind
1795,Vatva
1796,Veerakeralamputhur
1797,Velappanchavadi
1798,Veldanda
1799,Velhe
1800,Vellore
1801,Venkatagiri
1802,Veraval
1803,Versova
1804,Vicarabad
1805,Vidisha
1806,Vidyavihar
1807,Vijapur
1808,Vijayapura
1809,Vijayawada
1810,Vijaynagar
1811,Vikarabad
1812,Vilholi
1813,Viluppuram
1814,Vinay Nagar
1815,Viramgam
1816,Virar
1817,Virudhachalam
1818,Virudhunagar
1819,Visakhapatnam
1820,Visnagar
1821,Vizianagaram
1822,Vrindavan
1823,Vuyyuru
1824,Vyara
1825,WORK FROM HOME
1826,WORKK FROM HOME
1827,Wadhwan
1828,Wadhwancity
1829,Wai
1830,Walajapet
1831,Walwa
1832,Wanaparthy
1833,Wani
1834,Wankaner
1835,Warangal
1836,Wardha
1837,Warora
1838,Washi
1839,Wayanad
1840,West Bengal
1841,West Godavari
1842,West Khasi Hills
1843,West Tripura
1844,West bangal
1845,Westin Mumbai Garden City
1846,Willing to Relocate
1847,Work
1848,Worli
1849,Yadadri Bhuvanagiri
1850,Yadgir
1851,Yamunanagar
1852,Yanam
1853,Yavatmal
1854,Yawal
1855,Yedpalle
1856,Yelahanka
1857,Yelamanchili
1858,Yeleswaram
1859,Yellandu
1860,Yellapur
1861,Yerwada
1862,Yevla
1863,ZHB
1864,Zaheerbad-Telangana
1865,Zahirabad
1866,Zirakpur
1867,allahabad
1868,aminjikarai
1869,andhra pr
1870,andhra pradesh
1871,anywhere india
1872,anywhere india Pune
1873,assam
1874,attivaram
1875,basavangudi
1876,begumpet
1877,bellary
1878,bidadi
1879,bihar
1880,borivali
1881,calicut
1882,charniroad
1883,chickmangular
1884,chirner
1885,cochin
1886,doddaballapura
1887,ghatkopar
1888,goa
1889,gujara
1890,gujarat
1891,gulbarga
1892,haryana
1893,himachal
1894,india
1895,indira nagar
1896,induri
1897,inter
1898,jam khambaliya
1899,jharkhand
1900,kachchh
1901,kalwa
1902,karnata
1903,karnatak
1904,karnataka
1905,kengeri
1906,kerala
1907,kolapur
1908,kotambi
1909,madhya pradesh
1910,mahararashtra
1911,maharastra
1912,manchar
1913,manjeri
1914,mattannoor
1915,nasik
1916,odisha
1917,palej
1918,panoli
1919,parwaano
1920,pujab
1921,punja
1922,punjab
1923,rajajinagar
1924,rajasthan
1925,remote
1926,ringas
1927,sanand
1928,santiago
1929,sewari
1930,sreekandapuram
1931,sricity
1932,swargate
1933,tamil nadu
1934,telang
1935,telangana
1936,thiruvanmiyur
1937,umarsadi
1938,uttar pradesh
1939,uttarakhand
1940,uttrakhand
1941,vadapalani
1942,vikhroli
1943,vizag
1944,waghodiya
1945,wakad
1946,walunj
1947,west bengal
